native,roman,notes
अंकुर,ankur,attestations=4
अंग्रेजी,angreji,attestations=7
अंजना,anjana,attestations=4
अंडा,anda,attestations=5
अंत,ant,attestations=4
अंतरिक्ष,antriksh,attestations=5
अकोला,akola,attestations=4
अक्षय,akshay,attestations=8
अक्षर,akshar,attestations=6
अक्षांश,akshansh,attestations=5
अखिलेश,akhilesh,attestations=4
अगरतला,agartala,attestations=4
अगले,agale,attestations=4
अजमेर,ajmer,attestations=4
अजय,ajay,attestations=10
अतिउत्साह,atiutsaah,attestations=4
अतिरिक्त,atirikt,attestations=4
अत्याचार,atyachaar,attestations=5
अधिग्रहण,adhigrahan,attestations=5
अधिग्रहित,adhigrahit,attestations=4
अधिनियम,adhiniyam,attestations=7
अध्यक्ष,adhyaksh,attestations=5
अध्यापक,adhyapak,attestations=6
अध्याय,adhyaay,attestations=6
अनमोल,anmol,attestations=6
अनिल,anil,attestations=4
अनिवार्य,anivarya,attestations=7
अनिश्चिता,anishchita,attestations=4
अनुमानत,anumanat,attestations=4
अनुष्ठान,anushthaan,attestations=6
अनूठा,anutha,attestations=4
अनेक,anek,attestations=5
अनोखा,anokha,attestations=6
अन्न,ann,attestations=4
अन्य,anya,attestations=4
अपना,apna,attestations=4
अपने,apne,attestations=10
अपमानजनक,apmanjanak,attestations=4
अपमानित,apmanit,attestations=4
अपराधबोध,apraadhbodh,attestations=4
अप्रकाशित,aprakashit,attestations=5
अब्दुल,abdul,attestations=4
अभिनेत्री,abhinetri,attestations=9
अभिमान,abhimaan,attestations=6
अभिषेक,abhishek,attestations=4
अमर,amar,attestations=6
अमृत,amrit,attestations=4
अमृतसर,amritsar,attestations=7
अमृता,amrita,attestations=5
अर्चना,archana,attestations=5
अर्थव्यवस्था,arthvyavastha,attestations=6
अर्थशास्त्र,arthashastra,attestations=5
अवस्था,avastha,attestations=5
अश्लील,ashleel,attestations=4
अश्लील,ashlil,attestations=4
आंख,aankh,attestations=6
आंधी,aandhi,attestations=5
आकर्षण,aakarshan,attestations=5
आज,aaj,attestations=9
आजकल,aajkal,attestations=6
आजा,aaja,attestations=6
आत्मनिर्भर,aatmnirbhar,attestations=4
आदेश,aadesh,attestations=6
आप,aap,attestations=6
आपकी,aapki,attestations=4
आपके,aapke,attestations=4
आपको,aapko,attestations=4
आपसे,aapse,attestations=4
आपाधापी,aapadhapi,attestations=4
आम,aam,attestations=6
आमिर,aamir,attestations=6
आयु,aayu,attestations=6
आयुर्वेद,ayurved,attestations=6
आयोग,aayog,attestations=6
आरक्षण,aarakshan,attestations=5
आलू,aalu,attestations=6
आश्चर्यों,ashcharyon,attestations=4
आश्रम,aashram,attestations=5
आसपास,aaspaas,attestations=4
आस्था,aastha,attestations=4
इंडो,indo,attestations=4
इंदु,indu,attestations=4
इंद्र,indra,attestations=6
इंसान,insaan,attestations=7
इतिहास,itihaas,attestations=5
इस,is,attestations=6
इस्लाम,islaam,attestations=7
इस्लामाबाद,islamabaad,attestations=5
उजाला,ujala,attestations=6
उठा,utha,attestations=4
उठी,uthi,attestations=4
उतर,utar,attestations=6
उत्तम,uttam,attestations=4
उत्तर,uttar,attestations=6
उत्तरपूर्वी,uttarpurvi,attestations=4
उत्तराखंड,uttarakhand,attestations=4
उत्तराखंड,uttrakhand,attestations=4
उत्पादन,utpadan,attestations=5
उत्सव,utsav,attestations=6
उदय,uday,attestations=4
उद्देश्य,uddeshya,attestations=5
उद्यापन,udyapan,attestations=4
उनका,unka,attestations=5
उन्हें,unhen,attestations=4
उन्होंने,unhone,attestations=6
उपचुनाव,upchunaav,attestations=5
उपजातियों,upjatiyon,attestations=5
उपदेश,updesh,attestations=5
उपप्रधानमंत्री,uppradhanmantri,attestations=5
उपमहानिरीक्षक,upmahanirikshak,attestations=4
उपयुक्त,upyukt,attestations=5
उपयोग,upyog,attestations=6
उपसर्ग,upsarg,attestations=6
उपाध्यक्ष,upadhyaksh,attestations=5
उमा,uma,attestations=4
उल्लंघन,ullanghan,attestations=4
ऊंचा,uncha,attestations=4
ऋग्वेद,rigved,attestations=5
ऋषि,rishi,attestations=7
एक,ek,attestations=9
एकजुट,ekjut,attestations=5
एकता,ekta,attestations=5
एकादशी,ekadashi,attestations=6
ऐतिहासिक,aitihasik,attestations=4
ऐश,aish,attestations=6
ऐश्वर्या,aishwarya,attestations=7
ऐसा,aisa,attestations=4
ऐसी,aisi,attestations=4
ओ,o,attestations=6
ओम,om,attestations=6
ओर,or,attestations=4
और,aur,attestations=5
औरत,aurat,attestations=6
औरतों,auraton,attestations=5
औषध,aushadh,attestations=5
कक्षा,kaksha,attestations=6
कद्दू,kaddu,attestations=5
कम,kam,attestations=6
कमल,kamal,attestations=5
कमाल,kamaal,attestations=4
कर,kar,attestations=5
करते,karte,attestations=5
करमुक्त,karmukt,attestations=4
कराइ,karai,attestations=4
करें,karen,attestations=6
करो,karo,attestations=8
करोगे,karoge,attestations=4
कर्क,kark,attestations=6
कर्म,karm,attestations=7
कर्मकांड,karmkand,attestations=4
कर्मचारी,karmchari,attestations=4
कर्मियों,karmiyon,attestations=5
कल,kal,attestations=10
कलम,kalam,attestations=4
कला,kala,attestations=8
कलाकार,kalakaar,attestations=4
कलाकारों,kalakaron,attestations=5
कलाकृतियां,kalakritiyan,attestations=4
कलाकृतियों,kalakritiyon,attestations=4
कलिता,kalita,attestations=6
कली,kali,attestations=7
कल्पित,kalpit,attestations=4
कल्याण,kalyaan,attestations=6
कवि,kavi,attestations=7
कहते,kahate,attestations=4
कहा,kaha,attestations=6
कहानी,kahani,attestations=6
कांड,kand,attestations=6
कांबले,kamble,attestations=5
काका,kaka,attestations=6
काजल,kajal,attestations=6
काजोल,kajol,attestations=4
काटे,kate,attestations=4
काठमांडू,kathmandu,attestations=4
काम,kaam,attestations=5
कामकाज,kamkaaj,attestations=4
कामकाजी,kamkaji,attestations=4
कामना,kamna,attestations=4
कामयाब,kamyaab,attestations=4
कामयाबी,kamyabi,attestations=4
कायर,kayar,attestations=6
कारण,karan,attestations=6
कार्य,karya,attestations=10
कार्यकाल,karyakaal,attestations=5
कार्यक्रम,karyakram,attestations=4
कार्यालय,karyalaya,attestations=4
काल,kaal,attestations=6
काली,kali,attestations=5
कालीमिर्च,kalimirch,attestations=6
कालु,kalu,attestations=5
कालू,kalu,attestations=5
काले,kale,attestations=6
काश,kaash,attestations=5
काष्ठ,kashth,attestations=4
किए,kie,attestations=4
किए,kiye,attestations=4
कितने,kitne,attestations=5
किताबें,kitaben,attestations=5
किताबों,kitabon,attestations=5
किम,kim,attestations=5
किर,kir,attestations=5
किरदार,kirdaar,attestations=7
किरदारों,kirdaron,attestations=4
किलो,kilo,attestations=6
किशन,kishan,attestations=4
किशनपुर,kishanpur,attestations=4
किशनपुरा,kishanpura,attestations=4
किस,kis,attestations=10
किसको,kisko,attestations=4
किसी,kisi,attestations=4
किसे,kise,attestations=6
किस्मत,kismat,attestations=4
किस्से,kisse,attestations=5
की,ki,attestations=6
कीचड़,kichad,attestations=4
कुंज,kunj,attestations=6
कुंवर,kunwar,attestations=5
कुमार,kumaar,attestations=6
कुमारी,kumari,attestations=4
कुल्लू,kullu,attestations=4
कुशल,kushal,attestations=6
कुशलक्षेम,kushalkshem,attestations=4
कुश्ती,kushti,attestations=4
कृपा,kripa,attestations=6
कृष्ण,krishan,attestations=4
कृष्ण,krishna,attestations=5
के,k,attestations=8
के,ke,attestations=10
केंद्र,kendra,attestations=10
केंद्रबिंदु,kendrabindu,attestations=5
केंद्रीय,kendriya,attestations=8
केंद्रों,kendron,attestations=5
केके,kk,attestations=4
केजरीवाल,kejriwaal,attestations=6
केन्या,kenya,attestations=4
केला,kela,attestations=5
केली,keli,attestations=4
केले,kele,attestations=6
केश,kesh,attestations=4
केशव,keshav,attestations=6
केसरी,kesari,attestations=4
कैद,kaid,attestations=4
कैदियों,kaidiyon,attestations=4
कैदी,kaidi,attestations=4
कैसा,kaisa,attestations=5
कैसे,kaise,attestations=6
कोई,koi,attestations=4
कोटी,koti,attestations=4
कोमल,komal,attestations=7
कोयल,koyal,attestations=4
कोलकाता,kolkata,attestations=10
कोली,koli,attestations=4
कोशिश,koshish,attestations=6
कोहली,kohli,attestations=6
कोहिनूर,kohinoor,attestations=4
कौन,kaun,attestations=6
क्या,kya,attestations=7
क्रिया,kriya,attestations=6
क्रियाकलाप,kriyakalaap,attestations=6
क्रियाकलापों,kriyakalapon,attestations=6
क्रोध,krodh,attestations=6
क्षतिग्रस्त,kshatigrast,attestations=5
क्षेत्र,kshetra,attestations=9
खड़ी,khadi,attestations=4
खन्ना,khanna,attestations=4
खर्च,kharch,attestations=6
खली,khali,attestations=6
खांसी,khansi,attestations=5
खाजा,khaja,attestations=5
खान,khaan,attestations=10
खानपान,khanpaan,attestations=5
खास,khaas,attestations=5
खासियत,khasiyat,attestations=5
खासी,khasi,attestations=6
खिले,khile,attestations=6
खीर,kheer,attestations=4
खुली,khuli,attestations=6
खुले,khule,attestations=7
खूंटी,khunti,attestations=5
खेती,kheti,attestations=4
खेतीबाड़ी,khetibadi,attestations=9
खेतीबारी,khetibari,attestations=5
खेतों,kheton,attestations=4
खेल,khel,attestations=6
खेलकूद,khelkud,attestations=4
खेला,khela,attestations=7
खेली,kheli,attestations=6
खेले,khele,attestations=7
खेलों,khelon,attestations=4
खेसारी,khesari,attestations=5
खो,kho,attestations=6
खोज,khoj,attestations=6
ख्वाजा,khwaja,attestations=4
ख्वाब,khwaab,attestations=6
ख्वाबों,khwabon,attestations=5
गंगा,ganga,attestations=6
गंगे,gange,attestations=4
गंभीर,gambhir,attestations=4
गज,gaj,attestations=6
गणेश,ganesh,attestations=7
गणेशजी,ganeshji,attestations=4
गति,gati,attestations=6
गधा,gadha,attestations=6
गम,gam,attestations=5
गरम,garam,attestations=6
गर्दन,gardan,attestations=7
गर्भ,garbh,attestations=5
गर्भधारण,garbhdharan,attestations=7
गर्भपात,garbhpaat,attestations=6
गर्भवती,garbhvati,attestations=5
गर्भावस्था,garbhavastha,attestations=5
गर्भाशय,garbhashay,attestations=6
गर्म,garm,attestations=6
गर्मियों,garmiyon,attestations=4
गर्मी,garmi,attestations=5
गर्व,garv,attestations=6
गल,gal,attestations=6
गली,gali,attestations=6
गले,gale,attestations=6
गांधी,gandhi,attestations=4
गांव,gaon,attestations=7
गाना,gana,attestations=4
गाने,gaane,attestations=4
गाने,gane,attestations=4
गायक,gayak,attestations=6
गाल,gaal,attestations=5
गाली,gaali,attestations=4
गाली,gali,attestations=4
गाले,gale,attestations=4
गीतों,geeton,attestations=6
गुंटूर,guntur,attestations=6
गुड्डू,guddu,attestations=5
गुण,gun,attestations=6
गुम,gum,attestations=6
गुरूर,gurur,attestations=4
गुर्जर,gurjar,attestations=6
गुलाब,gulaab,attestations=5
गुलाम,gulaam,attestations=5
गुलामी,gulami,attestations=6
गुवाहाटी,guwahati,attestations=5
गुस्सा,gussa,attestations=6
गुस्से,gusse,attestations=6
गुस्सैल,gussail,attestations=6
गैरकानूनी,gairkanooni,attestations=4
गैरलाभकारी,gairlabhkari,attestations=6
गैरसरकारी,gairsarkari,attestations=6
गो,go,attestations=6
गोपाल,gopaal,attestations=6
गोपीनाथ,gopinaath,attestations=6
गोरखपुर,gorakhpur,attestations=8
गोरा,gora,attestations=6
गोरी,gori,attestations=6
गोली,goli,attestations=9
गोलू,golu,attestations=6
गोले,gole,attestations=5
गोवर्धन,govardhan,attestations=6
गोवा,goa,attestations=6
गोविंद,govind,attestations=6
गोविंदा,govinda,attestations=7
गौरतलब,gaurtalab,attestations=4
गौरव,gaurav,attestations=4
ग्रह,grah,attestations=5
ग्रहों,grahon,attestations=5
ग्राम,graam,attestations=5
घटनास्थल,ghatnasthal,attestations=4
घरेलू,gharelu,attestations=6
घोटाला,ghotala,attestations=6
घोटाले,ghotale,attestations=6
चंडीगढ़,chandigarh,attestations=4
चंद्र,chandra,attestations=6
चंद्रकांता,chandrakanta,attestations=6
चंपा,champa,attestations=6
चंपारण,champaran,attestations=4
चक,chak,attestations=4
चट्टान,chattaan,attestations=4
चतुर्थ,chaturth,attestations=4
चतुर्वेदी,chaturvedi,attestations=4
चमत्कार,chamatkaar,attestations=5
चर,char,attestations=4
चरण,charan,attestations=6
चर्म,charm,attestations=4
चल,chal,attestations=6
चलें,chalen,attestations=4
चलो,chalo,attestations=7
चांदनी,chandani,attestations=4
चांदी,chandi,attestations=5
चालीस,chalis,attestations=6
चालू,chalu,attestations=6
चाले,chale,attestations=5
चिरपरिचित,chirparichit,attestations=4
चीजों,chijon,attestations=4
चुटकुले,chutkule,attestations=5
चुनचुन,chunchun,attestations=6
चुनाव,chunaav,attestations=6
चूर्ण,churn,attestations=4
चे,che,attestations=6
चैतन्य,chaitanya,attestations=5
चोली,choli,attestations=6
चौधरी,chaudhari,attestations=5
छ,chh,attestations=4
छंद,chhand,attestations=4
छात्रा,chhatra,attestations=4
छानबीन,chhanbin,attestations=4
छिटपुट,chhitput,attestations=5
जगन्नाथ,jagannaath,attestations=5
जन,jan,attestations=7
जनक,janak,attestations=6
जनता,janata,attestations=4
जनमानस,janmanas,attestations=5
जन्म,janm,attestations=6
जन्मतिथि,janmtithi,attestations=5
जन्मदिन,janmdin,attestations=5
जरूरी,jaruri,attestations=4
जलप्रलय,jalpralay,attestations=4
जलविद्युत,jalvidyut,attestations=4
जलसीमा,jalseema,attestations=4
जले,jale,attestations=6
जल्द,jald,attestations=4
जल्दी,jaldi,attestations=4
जाग,jaag,attestations=5
जान,jaan,attestations=8
जानमाल,janmaal,attestations=4
जानीमानी,jaanimaani,attestations=4
जानीमानी,janimani,attestations=4
जाने,jaane,attestations=5
जानेमाने,jaanemaane,attestations=4
जानेमाने,janemane,attestations=4
जाल,jaal,attestations=7
जिला,jila,attestations=8
जीव,jeev,attestations=5
जैम,jam,attestations=6
जैविक,jaivik,attestations=6
जैसलमेर,jaisalmer,attestations=4
जैसे,jaise,attestations=8
जोड़तोड़,jodtod,attestations=4
जोधपुर,jodhpur,attestations=6
जोधा,jodha,attestations=5
जोश,josh,attestations=6
जौनपुर,jaunpur,attestations=6
ज्ञान,gyaan,attestations=7
ज्यादा,jyada,attestations=6
ज्योति,jyoti,attestations=6
झटका,jhataka,attestations=4
झटपट,jhatpat,attestations=6
झांकी,jhanki,attestations=5
झांसी,jhansi,attestations=6
झारखंड,jharkhand,attestations=6
झारखंडी,jharkhandi,attestations=6
झूठ,jhooth,attestations=4
टक्कर,takkar,attestations=6
टोली,toli,attestations=5
ठाकुर,thakur,attestations=4
ठोस,thos,attestations=4
डंडा,danda,attestations=6
डंडे,dande,attestations=6
डाले,dale,attestations=4
डेरा,dera,attestations=6
डोले,dole,attestations=5
ढंग,dhang,attestations=5
तंग,tang,attestations=6
तत्व,tatv,attestations=6
तत्व,tatva,attestations=7
तनातनी,tanatani,attestations=6
तप,tap,attestations=6
तमिलनाडु,tamilnadu,attestations=6
तरंग,tarang,attestations=6
तली,tali,attestations=6
तलेगांव,talegaon,attestations=5
तह,tah,attestations=4
ताज,taaj,attestations=4
ताल,taal,attestations=7
तालमेल,taalmel,attestations=5
तीर्थस्थल,tirthsthal,attestations=4
तुझे,tujhe,attestations=7
तुम,tum,attestations=5
तुमको,tumko,attestations=4
तुम्हारा,tumhara,attestations=6
तुम्हें,tumhen,attestations=4
तुरंत,turant,attestations=4
तुला,tula,attestations=4
तुलाराम,tularaam,attestations=5
तूने,tune,attestations=4
तेज,tej,attestations=6
तेरी,teri,attestations=6
तेरे,tere,attestations=6
तेलुगु,telugu,attestations=6
तैयार,taiyaar,attestations=6
तोड़फोड़,todfod,attestations=5
तोले,tole,attestations=6
तौर,taur,attestations=6
त्योहार,tyohaar,attestations=5
त्रिआयामी,triaayami,attestations=4
था,tha,attestations=4
थाली,thali,attestations=6
थी,thi,attestations=4
थे,the,attestations=6
दंड,dand,attestations=4
दक्षिण,dakshin,attestations=8
दक्षिणपश्चिम,dakshinpaschim,attestations=4
दक्षिणपूर्व,dakshinpurva,attestations=4
दक्षिणपूर्वी,dakshinpurvi,attestations=6
दखल,dakhal,attestations=4
दबंग,dabangg,attestations=4
दया,daya,attestations=5
दयालु,dayalu,attestations=8
दरभंगा,darbhanga,attestations=6
दरिद्र,daridra,attestations=5
दर्ज,darj,attestations=4
दर्द,dard,attestations=10
दर्पण,darpan,attestations=6
दर्शन,darshan,attestations=8
दलदल,daldal,attestations=6
दांत,daant,attestations=5
दांत,dant,attestations=4
दादा,dada,attestations=4
दान,daan,attestations=6
दिग्गज,diggaj,attestations=4
दिनों,dinon,attestations=4
दिया,diya,attestations=5
दिल,dil,attestations=5
दिल्ली,delhi,attestations=10
दिवस,divas,attestations=4
दिवाली,diwali,attestations=6
दीक्षा,diksha,attestations=4
दीक्षित,dikshit,attestations=4
दीक्षित,dixit,attestations=4
दीवाली,deewali,attestations=4
दीवाली,diwali,attestations=5
दुखद,dukhad,attestations=5
दुनियाभर,duniyabhar,attestations=5
दुबे,dube,attestations=4
दुर्ग,durg,attestations=4
दुर्गा,durga,attestations=7
दुर्लभ,durlabh,attestations=5
दे,de,attestations=4
देओल,deol,attestations=5
देख,dekh,attestations=7
देखे,dekhe,attestations=4
देखो,dekho,attestations=7
देती,deti,attestations=6
देवगन,devgan,attestations=4
देवर,devar,attestations=6
देश,desh,attestations=8
देशभर,deshbhar,attestations=6
देशों,deshon,attestations=6
देसी,desi,attestations=8
देहरादून,dehradun,attestations=5
देहाती,dehati,attestations=5
दैनिक,dainik,attestations=10
दोष,dosh,attestations=6
दोहरी,dohari,attestations=4
दोहा,doha,attestations=6
दोहे,dohe,attestations=6
द्वार,dwaar,attestations=4
द्वारा,dwara,attestations=4
द्वीप,dweep,attestations=4
धनतेरस,dhanteras,attestations=4
धनबल,dhanbal,attestations=6
धन्य,dhanya,attestations=5
धरपकड़,dharpakad,attestations=6
धर्म,dharm,attestations=6
धर्मनिरपेक्ष,dharmnirpeksh,attestations=5
धर्मपरिवर्तन,dharmparivartan,attestations=5
धर्मशास्त्रों,dharmshastron,attestations=5
धागे,dhaage,attestations=4
धातु,dhaatu,attestations=4
धाम,dhaam,attestations=5
धार्मिक,dharmik,attestations=5
धूप,dhup,attestations=4
धूम,dhoom,attestations=4
धूमधाम,dhumdhaam,attestations=5
धोखाधड़ी,dhokhadhadi,attestations=4
ध्यान,dhyaan,attestations=4
नंगा,nanga,attestations=5
नकद,nakad,attestations=4
नकल,nakal,attestations=4
नक्षत्र,nakshatra,attestations=5
नन,none,attestations=5
नन,nun,attestations=4
नमस्ते,namaste,attestations=5
नया,naya,attestations=5
नर,nar,attestations=5
नरेंद्र,narendra,attestations=7
नर्मदा,narmada,attestations=4
नली,nali,attestations=6
नवप्रवर्तन,navpravartan,attestations=5
नवरात्रि,navratri,attestations=5
नववर्ष,navvarsh,attestations=6
नहा,naha,attestations=4
नहीं,nahin,attestations=5
नाइन,nine,attestations=6
नाक,naak,attestations=6
नाग,naag,attestations=6
नागपुर,nagpur,attestations=5
नाना,nana,attestations=6
नापसंद,napasand,attestations=5
नारायण,narayan,attestations=6
निज,nij,attestations=5
निबंध,nibandh,attestations=6
नियम,niyam,attestations=6
निरोध,nirodh,attestations=8
निर्णय,nirnay,attestations=8
निर्देशन,nirdeshan,attestations=4
निर्भय,nirbhay,attestations=4
निर्मल,nirmal,attestations=8
निर्मित,nirmit,attestations=4
निर्विरोध,nirvirodh,attestations=4
निश्चय,nishchay,attestations=5
निष्कर्ष,nishkarsh,attestations=5
निसर्ग,nisarg,attestations=5
नीता,neeta,attestations=5
नीतिनिर्धारण,nitinirdhaaran,attestations=4
नुकसान,nuksaan,attestations=4
नूतन,nutan,attestations=4
ने,ne,attestations=6
नेपाल,nepaal,attestations=6
नेपाली,nepali,attestations=6
पंकज,pankaj,attestations=6
पंच,panch,attestations=6
पंचायत,panchayat,attestations=6
पंडित,pandit,attestations=7
पक्षी,pakshi,attestations=6
पटना,patna,attestations=4
पतंजलि,patanjali,attestations=5
पति,pati,attestations=6
पत्थर,patthar,attestations=5
पत्रक,patrak,attestations=4
पत्रावली,patravali,attestations=4
पत्रिका,patrika,attestations=6
पदार्थ,padarth,attestations=5
परम,param,attestations=6
परली,parali,attestations=5
परली,parli,attestations=6
परिक्षण,parikshan,attestations=6
परिवर्तन,parivartan,attestations=6
परीक्षा,pariksha,attestations=5
पर्यटक,paryatak,attestations=5
पर्यटन,paryatan,attestations=5
पर्यावरण,paryavaran,attestations=6
पर्व,parv,attestations=4
पर्वत,parvat,attestations=6
पल,pal,attestations=6
पलायन,palayan,attestations=4
पली,pali,attestations=6
पवन,pawan,attestations=6
पवार,pawaar,attestations=6
पांच,paanch,attestations=5
पान,paan,attestations=4
पानीपत,panipat,attestations=4
पारेख,parekh,attestations=4
पार्वती,parvati,attestations=6
पालिका,palika,attestations=4
पाली,pali,attestations=4
पावक,paavak,attestations=4
पुणे,pune,attestations=7
पुत्र,putra,attestations=6
पुराण,puraan,attestations=5
पुरुष,purush,attestations=5
पुरोहित,purohit,attestations=6
पुस्तक,pustak,attestations=7
पूछताछ,poochhtaachh,attestations=4
पूजा,pooja,attestations=5
पूजा,puja,attestations=5
पूजास्थल,pujasthal,attestations=4
पूर्व,purva,attestations=5
पूर्वा,purva,attestations=4
पृथ्वी,prithvi,attestations=7
पृथ्वीराज,prithviraaj,attestations=5
पेट,pet,attestations=9
पैदा,paida,attestations=6
पैर,pair,attestations=6
पैरों,pairon,attestations=4
पैसों,paison,attestations=4
पौधा,paudha,attestations=5
पौधे,paudhe,attestations=4
प्याज,pyaaj,attestations=4
प्रकार,prakaar,attestations=4
प्रकृति,prakriti,attestations=5
प्रजापति,prajapati,attestations=5
प्रणाम,pranaam,attestations=5
प्रताड़ित,pratadit,attestations=4
प्रतिभा,pratibha,attestations=4
प्रतिष्ठा,pratishtha,attestations=6
प्रतिष्ठान,pratishthaan,attestations=4
प्रतिस्पर्धा,pratispardha,attestations=4
प्रतिस्पर्धी,pratispardhi,attestations=5
प्रत्याशी,pratyashi,attestations=10
प्रथम,pratham,attestations=6
प्रदर्शित,pradarshit,attestations=4
प्रदा,prada,attestations=4
प्रदूषण,pradushan,attestations=7
प्रदेश,pradesh,attestations=7
प्रधानमंत्री,pradhanmantri,attestations=5
प्रभु,prabhu,attestations=8
प्रयोग,prayog,attestations=6
प्रवीण,pravin,attestations=4
प्रशांत,prashant,attestations=4
प्रसंग,prasang,attestations=7
प्रसिद्धि,prasiddhi,attestations=6
प्रांजल,pranjal,attestations=6
प्रिया,priya,attestations=4
फतेहपुर,fatehpur,attestations=4
फल,fal,attestations=10
फल,phal,attestations=5
फ़ौज,fauj,attestations=4
फिल्मी,filmi,attestations=5
फिल्मों,filmon,attestations=6
फूल,phool,attestations=4
फेरबदल,ferbadal,attestations=5
बंका,banka,attestations=5
बंगला,bangla,attestations=4
बंजारा,banjara,attestations=4
बंदर,bandar,attestations=4
बंदूक,banduk,attestations=4
बंधन,bandhan,attestations=6
बंधा,bandha,attestations=7
बकबक,bakbak,attestations=6
बखूबी,bakhubi,attestations=5
बचा,bacha,attestations=5
बचाओ,bachao,attestations=5
बची,bachi,attestations=4
बचे,bache,attestations=4
बचेगा,bachega,attestations=4
बच्चा,baccha,attestations=4
बजरंगबली,bajrangbali,attestations=6
बजे,baje,attestations=4
बड़ा,bada,attestations=4
बढ़ाते,badhate,attestations=4
बढ़ाना,badhana,attestations=4
बढ़ाने,badhane,attestations=4
बढ़े,badhe,attestations=4
बताओ,batao,attestations=5
बताती,batati,attestations=4
बर्तन,bartan,attestations=6
बर्फ,barf,attestations=4
बलि,bali,attestations=6
बलिया,baliya,attestations=4
बहन,bahan,attestations=4
बहुआयामी,bahuaayami,attestations=6
बहुजातीय,bahujatiy,attestations=4
बहुभाषी,bahubhashi,attestations=6
बाटा,bata,attestations=8
बात,baat,attestations=8
बादशाह,badshaah,attestations=5
बानो,bano,attestations=4
बाप,baap,attestations=5
बाबा,baba,attestations=4
बारे,bare,attestations=5
बाल,baal,attestations=6
बालक,balak,attestations=6
बालविकास,balvikaas,attestations=5
बालिका,balika,attestations=6
बाली,bali,attestations=5
बिजबेहरा,bijbehara,attestations=4
बिलासपुर,bilaspur,attestations=4
बुद्ध,buddh,attestations=5
बुद्धिमता,buddhimata,attestations=5
बुद्धिमत्ता,buddhimatta,attestations=4
बुद्धिमान,buddhimaan,attestations=8
बुद्धिमानी,buddhimani,attestations=4
बुला,bula,attestations=4
बेंगलुरु,bengaluru,attestations=7
बेटा,beta,attestations=6
बेटी,beti,attestations=6
बेरोजगार,berojgaar,attestations=4
बेरोजगारी,berojgari,attestations=4
बेल,bail,attestations=4
बैसाखी,baisakhi,attestations=4
बोर,bore,attestations=5
बोरा,bora,attestations=4
बोल,bol,attestations=6
बोलचाल,bolchaal,attestations=6
बोलना,bolna,attestations=4
बोली,boli,attestations=4
बोलो,bolo,attestations=6
ब्राह्मण,brahman,attestations=4
भंडार,bhandaar,attestations=6
भंसाली,bhansali,attestations=6
भक्त,bhakt,attestations=7
भक्ति,bhakti,attestations=7
भक्तिभाव,bhaktibhaav,attestations=4
भगवान,bhagwaan,attestations=5
भजन,bhajan,attestations=6
भद्र,bhadra,attestations=4
भरोसा,bharosa,attestations=4
भर्ती,bharti,attestations=5
भा,bha,attestations=4
भांजी,bhanji,attestations=4
भांजे,bhanje,attestations=4
भाई,bhai,attestations=6
भाईचारा,bhaichara,attestations=6
भाईचारे,bhaichare,attestations=6
भाग,bhaag,attestations=6
भागलपुर,bhagalpur,attestations=4
भादुरी,bhaduri,attestations=4
भारत,bharat,attestations=6
भारतवर्ष,bharatvarsh,attestations=5
भाव,bhaav,attestations=5
भावार्थ,bhavarth,attestations=6
भाषा,bhasha,attestations=4
भाषाविज्ञान,bhashavigyaan,attestations=5
भास,bhaas,attestations=5
भिक्षु,bhikshu,attestations=5
भीड़भाड़,bheedbhad,attestations=5
भीम,bheem,attestations=5
भुला,bhula,attestations=6
भूकंप,bhukamp,attestations=4
भूगर्भ,bhugarbh,attestations=4
भूभाग,bhubhaag,attestations=4
भूमिका,bhumika,attestations=7
भूविज्ञान,bhuvigyaan,attestations=5
भूवैज्ञानिक,bhuvaigyanik,attestations=5
भूस्खलन,bhuskhalan,attestations=5
भृगु,bhrigu,attestations=5
भेज,bhej,attestations=4
भेद,bhed,attestations=6
भैंस,bhains,attestations=5
भैंसदेही,bhainsdehi,attestations=4
भैंसा,bhainsa,attestations=4
भैया,bhaiya,attestations=4
भैरव,bhairav,attestations=7
भोगविलास,bhogvilaas,attestations=5
भोज,bhoj,attestations=7
भोजन,bhojan,attestations=6
भोजपुर,bhojpur,attestations=5
भोजपुरी,bhojpuri,attestations=6
भोपाल,bhopaal,attestations=8
मंगल,mangal,attestations=6
मंजर,manjar,attestations=5
मंजू,manju,attestations=7
मंडल,mandal,attestations=4
मंडली,mandali,attestations=5
मंडी,mandi,attestations=6
मंत्री,mantri,attestations=6
मंत्रीमंडल,mantrimandal,attestations=9
मंदसौर,mandsaur,attestations=6
मंदिर,mandir,attestations=4
मकसद,maksad,attestations=5
मकानों,makanon,attestations=4
मक्खन,makkhan,attestations=4
मक्खी,makkhi,attestations=5
मध्यप्रदेश,madhyapradesh,attestations=5
मनमुटाव,manmutaav,attestations=4
मनमोहन,manmohan,attestations=6
मनीष,manish,attestations=6
मनीषा,manisha,attestations=4
मनुस्मृति,manusmriti,attestations=7
मनोरंजन,manoranjan,attestations=4
मनोहर,manohar,attestations=6
मल,mal,attestations=8
मलमूत्र,malmutra,attestations=5
मलयालम,malayalam,attestations=4
मलाल,malaal,attestations=4
मल्होत्रा,malhotra,attestations=4
मस्जिद,masjid,attestations=5
मस्त,mast,attestations=6
मस्तिष्क,mastishk,attestations=6
मस्ती,masti,attestations=7
महंगाई,mahangai,attestations=4
महंगे,mahange,attestations=4
महंत,mahant,attestations=6
महतारी,mahtari,attestations=4
महत्व,mahatva,attestations=4
महाकवि,mahakavi,attestations=6
महात्मा,mahatma,attestations=5
महादेव,mahadev,attestations=4
महाराज,maharaaj,attestations=6
महालक्ष्मी,mahalakshmi,attestations=4
महासचिव,mahasachiv,attestations=4
महिलाओं,mahilaon,attestations=6
महेंद्र,mahendra,attestations=6
मां,maa,attestations=5
मांगलिक,manglik,attestations=5
मातापिता,matapita,attestations=6
मात्र,matra,attestations=4
मानव,manav,attestations=5
मानवनिर्मित,manavnirmit,attestations=5
मानवरहित,manavrahit,attestations=6
मानी,mani,attestations=5
मामा,mama,attestations=4
माया,maya,attestations=4
मार,maar,attestations=7
मार्ग,marg,attestations=10
माल,maal,attestations=7
मालिनी,malini,attestations=5
माली,mali,attestations=5
मिथुन,mithun,attestations=6
मिर्च,mirch,attestations=5
मिलान,milaan,attestations=5
मिलाने,milane,attestations=4
मिली,mili,attestations=6
मिलो,milo,attestations=6
मीणा,meena,attestations=4
मुंडे,munde,attestations=5
मुंबई,mumbai,attestations=8
मुक्त,mukt,attestations=6
मुक्ति,mukti,attestations=6
मुखर्जी,mukharji,attestations=4
मुझे,mujhe,attestations=6
मुड़,mud,attestations=4
मुद्रा,mudra,attestations=6
मुमताज,mumtaaj,attestations=5
मुरली,murali,attestations=5
मुर्गा,murga,attestations=6
मुर्गी,murgi,attestations=4
मुश्किल,mushkil,attestations=5
मुस्लिमों,muslimon,attestations=4
मृत्यु,mrityu,attestations=6
में,mein,attestations=8
मेघ,megh,attestations=4
मेरी,meri,attestations=5
मेला,mela,attestations=7
मेले,mele,attestations=6
मेहनत,mehnat,attestations=5
मैथुन,maithun,attestations=6
मोक्ष,moksh,attestations=4
मोटा,mota,attestations=6
मोटापा,motapa,attestations=6
मोड़,mod,attestations=4
मोती,moti,attestations=6
मोतीलाल,motilaal,attestations=4
मोदी,modi,attestations=7
मोर,mor,attestations=4
मोह,moh,attestations=4
मोहन,mohan,attestations=9
मोहब्बत,mohabbat,attestations=6
मोहम्मद,muhammad,attestations=4
मोहित,mohit,attestations=6
मौत,maut,attestations=4
मौन,maun,attestations=5
मौसम,mausam,attestations=5
मौसी,mausi,attestations=6
यजुर्वेद,yajurveda,attestations=5
यज्ञ,yagya,attestations=4
यदाकदा,yadakada,attestations=4
यम,yam,attestations=6
यह,yah,attestations=5
या,ya,attestations=6
याकूब,yakub,attestations=5
युद्धविराम,yudhviraam,attestations=4
युवक,yuvak,attestations=6
ये,ye,attestations=7
योगदान,yogdaan,attestations=4
योजना,yojana,attestations=4
योद्धा,yoddha,attestations=5
योनि,yoni,attestations=5
यौन,yaun,attestations=4
रंग,rang,attestations=6
रंगबिरंगे,rangbirange,attestations=4
रंगभेद,rangbhed,attestations=6
रंगोली,rangoli,attestations=10
रक्त,rakt,attestations=6
रक्तरंजित,raktranjit,attestations=4
रक्षक,rakshak,attestations=7
रक्षा,raksha,attestations=6
रक्षाबंधन,rakshabandhan,attestations=9
रखे,rakhe,attestations=6
रखें,rakhen,attestations=4
रचा,racha,attestations=4
रण,ran,attestations=4
रवि,ravi,attestations=6
रस,ras,attestations=6
रह,rah,attestations=5
रहना,rahana,attestations=4
राक्षस,rakshas,attestations=4
रागिनी,ragini,attestations=6
राजकाज,rajkaaj,attestations=5
राजस्थान,rajasthaan,attestations=6
राजस्थानी,rajasthani,attestations=6
राजा,raja,attestations=6
राजीव,rajiv,attestations=4
राजू,raju,attestations=6
राजेंद्र,rajendra,attestations=6
राजेश,rajesh,attestations=4
राज्यमंत्री,rajyamantri,attestations=6
रात,raat,attestations=6
रात्रि,ratri,attestations=5
राधा,radha,attestations=4
राधास्वामी,radhaswami,attestations=5
रानी,rani,attestations=4
राम,raam,attestations=9
रामचंद्र,ramchandra,attestations=5
रामदेव,ramdev,attestations=6
रामलीला,ramleela,attestations=7
रामा,rama,attestations=6
रावत,rawat,attestations=6
राष्ट्रनिर्माण,rashtranirmaan,attestations=4
राष्ट्रभाषा,rashtrabhasha,attestations=6
रास्ता,rasta,attestations=5
राहत,rahat,attestations=6
राहुल,rahul,attestations=5
रुद्र,rudra,attestations=6
रुद्राक्ष,rudraksh,attestations=5
रूप,roop,attestations=5
रूप,rup,attestations=4
रूपरेखा,ruprekha,attestations=5
रेखा,rekha,attestations=4
रोग,rog,attestations=4
रोजगार,rojgaar,attestations=4
रोटी,roti,attestations=4
रोहिणी,rohini,attestations=5
रोहित,rohit,attestations=4
लक्षण,lakshan,attestations=4
लक्ष्मण,lakshman,attestations=7
लक्ष्मी,lakshmi,attestations=7
लक्ष्मीबाई,lakshmibai,attestations=5
लगातार,lagataar,attestations=4
लगाती,lagati,attestations=4
लगाने,lagane,attestations=4
लगाया,lagaya,attestations=5
लगी,lagi,attestations=5
लगेंगे,lagenge,attestations=5
लड़ाकू,ladaku,attestations=4
लड्डू,laddu,attestations=6
लपेट,lapet,attestations=4
लहूलुहान,lahuluhaan,attestations=4
लाख,laakh,attestations=4
लाभ,laabh,attestations=5
लाल,laal,attestations=5
लालू,lalu,attestations=6
लावा,lava,attestations=4
लिंग,ling,attestations=4
लिए,liye,attestations=7
लिखी,likhi,attestations=4
ली,lee,attestations=6
लुकाछिपी,lukachipi,attestations=4
लूटपाट,lootpaat,attestations=4
ले,le,attestations=6
लेकर,lekar,attestations=7
लेख,lekh,attestations=6
लेखक,lekhak,attestations=5
लेखन,lekhan,attestations=6
लेना,lena,attestations=5
लैला,laila,attestations=7
लो,lo,attestations=4
लोक,lok,attestations=6
लोकगीत,lokgeet,attestations=6
लोकतंत्र,loktantra,attestations=5
लोकलुभावन,loklubhavan,attestations=4
लोकसभा,loksabha,attestations=9
लोधी,lodhi,attestations=6
लोहा,loha,attestations=5
वंशावली,vanshavali,attestations=4
वक्त,waqt,attestations=5
वजीर,wazir,attestations=4
वर,var,attestations=4
वरिष्ठ,varishth,attestations=6
वरुण,varun,attestations=10
वर्ग,varg,attestations=6
वर्णन,varnan,attestations=8
वर्णमाला,varnmala,attestations=4
वर्तक,vartak,attestations=6
वर्धक,vardhak,attestations=6
वर्ष,varsh,attestations=5
वस्तु,vastu,attestations=4
वस्तुनिष्ठ,vastunishth,attestations=6
वह,vah,attestations=4
वादविवाद,vadvivaad,attestations=4
वाराणसी,varanasi,attestations=5
वाली,wali,attestations=5
वाले,wale,attestations=4
वालो,walo,attestations=4
वालों,walon,attestations=5
वास,vaas,attestations=5
वासुदेव,vasudev,attestations=6
विकास,vikaas,attestations=7
विजय,vijay,attestations=6
विदर्भ,vidarbh,attestations=5
विदेश,videsh,attestations=6
विद्यार्थी,vidyarthi,attestations=4
विधि,vidhi,attestations=6
विधिविधान,vidhividhaan,attestations=4
विनायक,vinayak,attestations=6
विनोद,vinod,attestations=5
विपक्ष,vipaksh,attestations=5
विमल,vimal,attestations=4
विराट,viraat,attestations=4
विवाद,vivaad,attestations=6
विवाह,vivaah,attestations=6
विशाल,vishaal,attestations=4
विशिष्ट,vishisht,attestations=4
विशेष,vishesh,attestations=6
विश्वकल्याण,vishwakalyaan,attestations=5
वीरेंद्र,virendra,attestations=5
वृंदावन,vrindavan,attestations=4
वेंकटेश,venkatesh,attestations=4
वेलेस,veles,attestations=4
वेशभूषा,veshbhusha,attestations=7
वैट,vat,attestations=4
वो,vo,attestations=4
वोन,von,attestations=5
व्यंग्य,vyangya,attestations=4
व्यंजन,vyanjan,attestations=7
व्यक्ति,vyakti,attestations=10
व्यक्तियों,vyaktiyon,attestations=5
व्यवस्था,vyavastha,attestations=6
व्यस्त,vyast,attestations=5
व्याख्या,vyakhya,attestations=4
व्याप्त,vyapt,attestations=4
व्यास,vyaas,attestations=4
व्रत,vrat,attestations=4
शंकर,shankar,attestations=7
शंख,shankh,attestations=4
शक्ति,shakti,attestations=9
शतक,shatak,attestations=6
शताब्दी,shatabdi,attestations=6
शत्रु,shatru,attestations=5
शनि,shani,attestations=6
शब्द,shabd,attestations=6
शब्दों,shabdon,attestations=7
शब्बीर,shabbir,attestations=4
शमशाबाद,shamshabaad,attestations=4
शमशेर,shamsher,attestations=4
शरद,sharad,attestations=5
शर्त,shart,attestations=6
शव,shav,attestations=5
शांति,shanti,attestations=6
शाखा,shakha,attestations=5
शाम,shaam,attestations=6
शायर,shayar,attestations=6
शायरी,shayari,attestations=4
शालिनी,shalini,attestations=4
शाली,shali,attestations=6
शालू,shalu,attestations=5
शास्त्र,shastra,attestations=4
शास्त्री,shastri,attestations=5
शास्त्रीय,shastriya,attestations=4
शास्त्रों,shastron,attestations=5
शिकंजा,shikanja,attestations=4
शिकंजे,shikanje,attestations=4
शिकायत,shikayat,attestations=7
शिक्षक,shikshak,attestations=6
शिक्षण,shikshan,attestations=5
शिक्षा,shiksha,attestations=6
शिमला,shimla,attestations=4
शिरडी,shirdi,attestations=4
शिरोमणि,shiromani,attestations=4
शिला,shila,attestations=4
शिव,shiv,attestations=6
शिवभक्त,shivbhakt,attestations=4
शुदा,shuda,attestations=4
शुद्धि,shuddhi,attestations=5
शुद्धिकरण,shuddhikaran,attestations=5
शुद्र,shudra,attestations=4
शुभ,shubh,attestations=6
शेर,sher,attestations=5
शैक्षिक,shaikshik,attestations=5
शोध,shodh,attestations=6
शोर,shor,attestations=4
शोरगुल,shorgul,attestations=6
शोले,sholay,attestations=4
शोषण,shoshan,attestations=5
श्याम,shyaam,attestations=6
श्री,shri,attestations=5
श्रुति,shruti,attestations=6
श्रृंग,shring,attestations=4
श्रृंगार,shringaar,attestations=5
श्रेष्ठ,shreshth,attestations=4
श्रॉफ,shroff,attestations=5
श्लोक,shlok,attestations=6
संकल्प,sankalp,attestations=5
संकेत,sanket,attestations=6
संकेतों,sanketon,attestations=4
संख्या,sankhya,attestations=10
संग,sang,attestations=6
संगठन,sangathan,attestations=5
संगम,sangam,attestations=6
संगीत,sangeet,attestations=6
संगीता,sangeeta,attestations=5
संघ,sangh,attestations=6
संघर्ष,sangharsh,attestations=4
संजीव,sanjeev,attestations=5
संजीवनी,sanjivani,attestations=4
संज्ञा,sangya,attestations=6
संदेश,sandesh,attestations=6
संध्या,sandhya,attestations=6
संपर्क,sampark,attestations=5
संभव,sambhav,attestations=5
संभोग,sambhog,attestations=4
संरक्षण,sanrakshan,attestations=6
संवर्धन,sanvardhan,attestations=5
संसार,sansaar,attestations=5
संस्कृति,sanskriti,attestations=5
संस्था,sanstha,attestations=6
संस्थान,sansthaan,attestations=5
सऊदी,saudi,attestations=4
सक,sak,attestations=6
सकेंगे,sakenge,attestations=6
सकेगा,sakega,attestations=4
सक्षम,saksham,attestations=4
सच,sach,attestations=6
सचिन,sachin,attestations=4
सत्व,satva,attestations=4
सदा,sada,attestations=5
सन्यासी,sanyasi,attestations=4
सफेद,safed,attestations=6
सबसे,sabse,attestations=5
सम,sam,attestations=6
समक्ष,samaksh,attestations=4
समर्थ,samarth,attestations=6
समा,sama,attestations=4
समाचार,samachaar,attestations=6
समाजशास्त्र,samajshastra,attestations=4
समानार्थक,samanarthak,attestations=4
समास,samaas,attestations=4
समीक्षा,samiksha,attestations=4
समीर,sameer,attestations=6
सरपंच,sarpanch,attestations=5
सर्प,sarp,attestations=5
सलमान,salmaan,attestations=4
सहनिर्माता,sahnirmata,attestations=4
सहेली,saheli,attestations=4
सांसदों,sansadon,attestations=4
सांसारिक,sansarik,attestations=4
साक्षरता,saksharta,attestations=5
साक्षात्कार,sakshatkaar,attestations=5
साक्षी,sakshi,attestations=5
सागर,sagar,attestations=6
सात,saat,attestations=6
साथ,saath,attestations=4
साथी,sathi,attestations=4
साफ,saaf,attestations=6
सामवेद,samved,attestations=4
सार्थक,sarthak,attestations=5
साल,saal,attestations=8
सालाना,salana,attestations=5
साले,sale,attestations=4
सास,saas,attestations=5
साहेब,saheb,attestations=6
सिक्ख,sikh,attestations=4
सिद्ध,siddh,attestations=6
सिद्धांत,siddhant,attestations=6
सिद्धि,siddhi,attestations=6
सिन्हा,sinha,attestations=4
सिफारिश,sifarish,attestations=4
सिरदर्द,sirdard,attestations=6
सिरमौर,sirmaur,attestations=4
सिरोही,sirohi,attestations=4
सिलसिला,silsila,attestations=5
सीमा,seema,attestations=5
सुखा,sukha,attestations=6
सुदर्शन,sudarshan,attestations=6
सुरंग,surang,attestations=6
सुरक्षा,suraksha,attestations=6
सुरिंदर,surinder,attestations=4
सुरेंद्र,surendra,attestations=5
सुरेश,suresh,attestations=5
सुल्तानपुर,sultanpur,attestations=6
सुविधा,suvidha,attestations=4
सुविधाएं,suvidhaen,attestations=4
सुविधाओं,suvidhaon,attestations=6
सूक्त,sukt,attestations=4
सूत्र,sutra,attestations=4
सूरत,surat,attestations=5
सूर्य,surya,attestations=5
सूर्यकांत,suryakant,attestations=5
सूर्यवंशी,suryavanshi,attestations=5
सूर्या,surya,attestations=5
सेना,sena,attestations=6
सेर,ser,attestations=6
सेरेना,serena,attestations=4
सेल,sale,attestations=8
सेवा,seva,attestations=7
सेवाएं,sevaen,attestations=4
सैफ,saif,attestations=4
सो,so,attestations=6
सोन,son,attestations=6
सोनम,sonam,attestations=4
सोना,sona,attestations=7
सोनाक्षी,sonakshi,attestations=6
सोनाली,sonali,attestations=6
सोनिया,sonia,attestations=5
सोनी,soni,attestations=4
सोने,sone,attestations=7
सोमवार,somwaar,attestations=5
सोलंकी,solanki,attestations=8
सौंदर्य,saundarya,attestations=4
सौरव,saurav,attestations=4
स्कंध,skandh,attestations=6
स्त्री,stri,attestations=10
स्त्रीलिंग,striling,attestations=5
स्थल,sthal,attestations=8
स्थली,sthali,attestations=5
स्थानांतरण,sthanantaran,attestations=6
स्नेह,sneh,attestations=4
स्नेही,snehi,attestations=4
स्पर्श,sparsh,attestations=6
स्मृति,smriti,attestations=5
स्वतंत्रता,swatantrata,attestations=4
स्वयं,swayam,attestations=4
स्वर्ग,swarg,attestations=5
स्वर्ण,swarn,attestations=5
हंस,hans,attestations=6
हंसती,hansti,attestations=5
हंसने,hansne,attestations=4
हंसराज,hansraaj,attestations=5
हंसी,hansi,attestations=6
हक,hak,attestations=5
हड्डी,haddi,attestations=6
हत्या,hatya,attestations=5
हनुमान,hanumaan,attestations=6
हमारे,hamare,attestations=5
हराया,haraya,attestations=4
हरिद्वार,haridwaar,attestations=6
हरिशचंद्र,harishchandra,attestations=5
हवा,hawa,attestations=5
हवेली,haveli,attestations=4
हस्तमैथुन,hastmaithun,attestations=5
हाजीपुर,hajipur,attestations=4
हाथ,haath,attestations=4
हावभाव,havbhaav,attestations=4
हिंदी,hindi,attestations=7
हिंदुओं,hinduon,attestations=4
हिरण्यकशिपु,hiranyakashipu,attestations=4
हिस्से,hisse,attestations=5
हीरोपंती,heropanti,attestations=6
हुई,hui,attestations=5
हुए,hue,attestations=6
हुदहुद,hudhud,attestations=8
हेमा,hema,attestations=4
है,hai,attestations=6
हैं,hain,attestations=6
हैदर,haider,attestations=4
हो,ho,attestations=6
होगा,hoga,attestations=7
होते,hote,attestations=5
होना,hona,attestations=6
होनी,honi,attestations=6
होने,hone,attestations=6
होश,hosh,attestations=6
