id,song,line,native,roman,reference_status
g1913-01-01,1,1,আমার মাথা নত করে দাও হে তোমার,amar matha noto kore dao he tomar,assistant_draft_unreviewed
g1913-01-02,1,2,চরণ-ধূলার তলে।,choron-dhular tole।,assistant_draft_unreviewed
g1913-01-03,1,3,সকল অহঙ্কার হে আমার,shokol ohongkar he amar,assistant_draft_unreviewed
g1913-01-04,1,4,ডুবাও চোখের জলে।,dubao chokher jole।,assistant_draft_unreviewed
g1913-01-05,1,5,"নিজেরে করিতে গৌরব দান,","nijere korite gourob dan,",assistant_draft_unreviewed
g1913-01-06,1,6,"নিজেরে কেবলি করি অপমান,","nijere keboli kori opoman,",assistant_draft_unreviewed
g1913-01-07,1,7,আপনারে শুধু ঘেরিয়া ঘেরিয়া,aponare shudhu gheriya gheriya,assistant_draft_unreviewed
g1913-01-08,1,8,ঘুরে মরি পলে পলে।,ghure mori pole pole।,assistant_draft_unreviewed
g1913-01-09,1,9,সকল অহঙ্কার হে আমার,shokol ohongkar he amar,assistant_draft_unreviewed
g1913-01-10,1,10,ডুবাও চোখের জলে।,dubao chokher jole।,assistant_draft_unreviewed
g1913-01-11,1,11,আমারে না যেন করি প্রচার,amare na jeno kori prochar,assistant_draft_unreviewed
g1913-01-12,1,12,আমার আপন কাজে;,amar apon kaje;,assistant_draft_unreviewed
g1913-01-13,1,13,তোমারি ইচ্ছা কর হে পূর্ণ,tomari ichchha koro he purno,assistant_draft_unreviewed
g1913-01-14,1,14,আমার জীবন মাঝে।,amar jibon majhe।,assistant_draft_unreviewed
g1913-01-15,1,15,"যাচি হে তোমার চরম শান্তি,","jachi he tomar chorom shanti,",assistant_draft_unreviewed
g1913-01-16,1,16,"পরাণে তোমার পরম কান্তি,","porane tomar porom kanti,",assistant_draft_unreviewed
g1913-01-17,1,17,আমারে আড়াল করিয়া দাঁড়াও,amare aral koriya danrao,assistant_draft_unreviewed
g1913-01-18,1,18,হৃদয়-পদ্ম-দলে।,hridoy-poddo-dole।,assistant_draft_unreviewed
g1913-01-19,1,19,সকল অহঙ্কার হে আমার,shokol ohongkar he amar,assistant_draft_unreviewed
g1913-01-20,1,20,ডুবাও চোখের জলে।,dubao chokher jole।,assistant_draft_unreviewed
g1913-02-01,2,1,আমি বহু বাসনায় প্রাণপণে চাই,ami bohu bashonay pranpone chai,assistant_draft_unreviewed
g1913-02-02,2,2,বঞ্চিত করে বাঁচালে মোরে!,bonchito kore banchale more!,assistant_draft_unreviewed
g1913-02-03,2,3,এ কৃপা কঠোর সঞ্চিত মোর,e kripa kothor shonchito mor,assistant_draft_unreviewed
g1913-02-04,2,4,জীবন ভরে’।,jibon bhore’।,assistant_draft_unreviewed
g1913-02-05,2,5,"না চাহিতে মোরে যা করেছ দান,","na chahite more ja korechho dan,",assistant_draft_unreviewed
g1913-02-06,2,6,"আকাশ আলোক তনু মন প্রাণ,","akash alok tonu mon pran,",assistant_draft_unreviewed
g1913-02-07,2,7,দিনে দিনে তুমি নিতেছ আমায়,dine dine tumi nitechho amay,assistant_draft_unreviewed
g1913-02-08,2,8,"সে মহা দানেরই যোগ্য করে,","she moha daneri joggo kore,",assistant_draft_unreviewed
g1913-02-09,2,9,অতি ইচ্ছার সঙ্কট হ’তে,oti ichchhar shongkot ho’te,assistant_draft_unreviewed
g1913-02-10,2,10,বাঁচায়ে মোরে!,banchaye more!,assistant_draft_unreviewed
g1913-02-11,2,11,"আমি কখনো বা ভুলি, কখনো বা চলি,","ami kokhono ba bhuli, kokhono ba choli,",assistant_draft_unreviewed
g1913-02-12,2,12,তোমার পথের লক্ষ্য ধরে;,tomar pother lokkho dhore;,assistant_draft_unreviewed
g1913-02-13,2,13,তুমি নিষ্ঠুর সম্মুখ হতে,tumi nishthur shommukh hote,assistant_draft_unreviewed
g1913-02-14,2,14,যাও যে সরে!,jao je shore!,assistant_draft_unreviewed
g1913-02-15,2,15,"এ যে তব দয়া জানি জানি হায়,","e je tobo doya jani jani hay,",assistant_draft_unreviewed
g1913-02-16,2,16,নিতে চাও বলে ফিরাও আমায়,nite chao bole phirao amay,assistant_draft_unreviewed
g1913-02-17,2,17,পূর্ণ করিয়া লবে এ জীবন,purno koriya lobe e jibon,assistant_draft_unreviewed
g1913-02-18,2,18,"তবে মিলনেরই যোগ্য করে,","tobe miloneri joggo kore,",assistant_draft_unreviewed
g1913-02-19,2,19,আধা-ইচ্ছার সঙ্কট হ’তে,adha-ichchhar shongkot ho’te,assistant_draft_unreviewed
g1913-02-20,2,20,বাঁচায়ে মোরে!,banchaye more!,assistant_draft_unreviewed
g1913-03-01,3,1,"কত অজানারে জানাইলে তুমি,","koto ojanare janaile tumi,",assistant_draft_unreviewed
g1913-03-02,3,2,"কত ঘরে দিলে ঠাঁই,","koto ghore dile thain,",assistant_draft_unreviewed
g1913-03-03,3,3,"দূরকে করিলে নিকট, বন্ধু,","durke korile nikot, bondhu,",assistant_draft_unreviewed
g1913-03-04,3,4,পরকে করিলে ভাই।,porke korile bhai।,assistant_draft_unreviewed
g1913-03-05,3,5,"পুরানো আবাস ছেড়ে যাই যবে,","purano abash chhere jai jobe,",assistant_draft_unreviewed
g1913-03-06,3,6,"মনে ভেবে মরি কি জানি কি হবে,","mone bhebe mori ki jani ki hobe,",assistant_draft_unreviewed
g1913-03-07,3,7,"নূতনের মাঝে তুমি পুরাতন,","nutoner majhe tumi puraton,",assistant_draft_unreviewed
g1913-03-08,3,8,সে কথা যে ভুলে যাই।,she kotha je bhule jai।,assistant_draft_unreviewed
g1913-03-09,3,9,"দূরকে করিলে নিকট, বন্ধু,","durke korile nikot, bondhu,",assistant_draft_unreviewed
g1913-03-10,3,10,পরকে করিলে ভাই।,porke korile bhai।,assistant_draft_unreviewed
g1913-03-11,3,11,"জীবনে মরণে নিখিল ভুবনে,","jibone morone nikhil bhubone,",assistant_draft_unreviewed
g1913-03-12,3,12,"যখনি যেখানে লবে,","jokhoni jekhane lobe,",assistant_draft_unreviewed
g1913-03-13,3,13,চির জনমের পরিচিত ওহে,chiro jonomer porichito ohe,assistant_draft_unreviewed
g1913-03-14,3,14,তুমিই চিনাবে সবে।,tumii chinabe shobe।,assistant_draft_unreviewed
g1913-03-15,3,15,তোমারে জানিলে নাহি কেহ পর,tomare janile nahi keho por,assistant_draft_unreviewed
g1913-03-16,3,16,"নাহি কোনো মানা, নাহি কোনো ডর,","nahi kono mana, nahi kono dor,",assistant_draft_unreviewed
g1913-03-17,3,17,সবারে মিলায়ে তুমি জাগিতেছ,shobare milaye tumi jagitechho,assistant_draft_unreviewed
g1913-03-18,3,18,দেখা যেন সদা পাই!,dekha jeno shoda pai!,assistant_draft_unreviewed
g1913-03-19,3,19,"দূরকে করিলে নিকট, বন্ধু,","durke korile nikot, bondhu,",assistant_draft_unreviewed
g1913-03-20,3,20,পরকে করিলে ভাই।,porke korile bhai।,assistant_draft_unreviewed
g1913-04-01,4,1,"বিপদে মোরে রক্ষা কর,","bipode more rokkha koro,",assistant_draft_unreviewed
g1913-04-02,4,2,"এ নহে মোর প্রার্থনা,","e nohe mor prarthona,",assistant_draft_unreviewed
g1913-04-03,4,3,বিপদে আমি না যেন করি ভয়।,bipode ami na jeno kori bhoy।,assistant_draft_unreviewed
g1913-04-04,4,4,দুঃখ-তাপে ব্যথিত চিতে,dukkho-tape byathito chite,assistant_draft_unreviewed
g1913-04-05,4,5,"নাই বা দিলে সান্ত্বনা,","nai ba dile shantona,",assistant_draft_unreviewed
g1913-04-06,4,6,দুঃখে যেন করিতে পারি জয়।,dukkhe jeno korite pari joy।,assistant_draft_unreviewed
g1913-04-07,4,7,সহায় মোর না যদি জুটে,shohay mor na jodi jote,assistant_draft_unreviewed
g1913-04-08,4,8,"নিজের বল না যেন টুটে,","nijer bol na jeno tute,",assistant_draft_unreviewed
g1913-04-09,4,9,সংসারেতে ঘটিলে ক্ষতি,shongsharete ghotile khoti,assistant_draft_unreviewed
g1913-04-10,4,10,লভিলে শুধু বঞ্চনা,lobhile shudhu bonchona,assistant_draft_unreviewed
g1913-04-11,4,11,নিজের মনে না যেন মানি ক্ষয়।,nijer mone na jeno mani khoy।,assistant_draft_unreviewed
g1913-04-12,4,12,আমারে তুমি করিবে ত্রাণ,amare tumi koribe tran,assistant_draft_unreviewed
g1913-04-13,4,13,"এ নহে মোর প্রার্থনা,","e nohe mor prarthona,",assistant_draft_unreviewed
g1913-04-14,4,14,তরিতে পারি শকতি যেন রয়।,torite pari shokoti jeno roy।,assistant_draft_unreviewed
g1913-04-15,4,15,আমার ভার লাঘব করি,amar bhar laghob kori,assistant_draft_unreviewed
g1913-04-16,4,16,"নাই বা দিলে সান্ত্বনা,","nai ba dile shantona,",assistant_draft_unreviewed
g1913-04-17,4,17,বহিতে পারি এমনি যেন হয়।,bohite pari emni jeno hoy।,assistant_draft_unreviewed
g1913-04-18,4,18,নম্র শিরে সুখের দিনে,nomro shire shukher dine,assistant_draft_unreviewed
g1913-04-19,4,19,"তোমারি মুখ লইব চিনে,","tomari mukh loibo chine,",assistant_draft_unreviewed
g1913-04-20,4,20,দুঃখের রাতে নিখিল ধরা,dukkher rate nikhil dhora,assistant_draft_unreviewed
g1913-04-21,4,21,যে দিন করে বঞ্চনা,je din kore bonchona,assistant_draft_unreviewed
g1913-04-22,4,22,তোমারে যেন না করি সংশয়।,tomare jeno na kori shongshoy।,assistant_draft_unreviewed
